Designator,Code Designator,LAT,LONG,Radio AID or next visual REP
1NM NORTH SALERNO TOWN,RINW1,40°41'47''N,014°47'06''E,FROM SOR VOR: 069°/22NM
1NM SW PORTOFINO,MJE2,44°17'27''N,009°11'33''E,FROM GEN VOR: 148°/9NM FROM SES VOR: 114°/18NM
1NM WEST SAN CASCIANO,RQS2,43°39'06''N,011°10'01''E,FROM PRT VOR: 187°/10NM
20NM NORTH LAMPEDUSA,CDN1,35°49'54''N,012°36'30''E,FROM LPD VOR: 354°/20NM
20NM SOUTH LAMPEDUSA,CDS1,35°09'52''N,012°37'41''E,FROM LPD VOR: 177°/20NM
24NM EAST LAMPEDUSA,CDE1,35°30'24''N,013°06'29''E,FROM LPD VOR: 086°/23.5NM
26NM WEST LAMPEDUSA,CDW1,35°29'11''N,012°05'17''E,FROM LPD VOR: 265°/26.5NM
2NM EAST LAGO DI BOLSENA,RRN4,42°37'06''N,012°02'55''E,FROM CMP VOR: 331°/33NM FROM TAQ VOR: 027°/27NM TO Orvieto Scalo: 027°/7NM TO Viterbo: 165°/12NM
2NM NORTH EAST ZANCA,RJNW1,42°49'55''N,010°09'43''E,FROM ELB VOR: 299°/12NM
2NM NORTH LUCERA,BAN3,41°31'57''N,015°15'26''E,FROM FGG VOR: 294°/14NM TO Foggia AD: 113°/14NM TO San Severo: 029°/11NM
2NM SOUTH CANOSA,BASE2,41°10'59''N,016°03'38''E,FROM BAR VOR:272°/33NM FROM FGG VOR: 119°/28NM TO Stornara: 292°/15NM TO Trani: 069°/17NM
2NM SOUTH FETOVAIA,RJSW1,42°41'52''N,010°09'06''E,FROM ELB VOR: 258°/11NM
2NM WEST CAVO,RJNE1,42°51'25''N,010°23'20''E,FROM ELB VOR: 356°/8NM
2NM WEST CECCANO,RHS1,41°34'00''N,013°17'00''E,FROM FRS VOR: 156°/5NM FROM LAT VOR: 083°/19NM FROM PNZ VORTAC: 021°/43NM TO Supino: 321°/4NM TO Ceprano: 098°/11NM
2NM WEST TERRACINA,RLSE1,41°16'53''N,013°12'04''E,FROM LAT VOR: 139°/20NM FROM PNZ VORTAC: 025°/25NM TO Priverno: 354°/12NM TO Borgo Isonzo: 305°/16NM
5.5NM EAST LAMPEDUSA,CDE2,35°30'01''N,012°43'50''E,FROM LPD VOR: 088°/5.0NM
5.5NM NORTH LAMPEDUSA,CDN2,35°35'23''N,012°36'56''E,FROM LPD VOR: 350°/5.5NM
5.5NM SOUTH LAMPEDUSA,CDS2,35°24'23''N,012°37'16''E,FROM LPD VOR: 183°/5.5NM
5.5NM WEST LAMPEDUSA,CDW2,35°29'45''N,012°30'22''E,FROM LPD VOR: 266°/6.0NM
5NM NORD EST AUGUSTA,CZSE1,37°18'42''N,015°15'11''E,FROM CTF VOR: 135°/13NM FROM SIG NDB: 110°/14NM TO Foce Simeto: 302°/9NM
5NM W MILAZZO,CRW2,38°13'20''N,015°08'08''E,FROM RCA VOR: 288°/26NM
ACATE,CBW2,37°01'43''N,014°29'40''E,FROM COM VOR: 297°/5NM
AGIRA,CZNW1,37°39'00''N,014°31'37''E,FROM CTF VOR: 292°/28NM FROM SIG NDB: 304°/26NM
ALASSIO,MGSE1,44°00'21''N,008°10'13''E,FROM ALB VOR: 143°/3NM TO Albenga/Riviera Airport AD: 320°/3NM
ALBERETO,PRSW2,43°55'30''N,012°31'00''E,FROM RIM VOR: 217°/7NM
ALPIGNANO,MAW1,45°05'55''N,007°31'30''E,FROM CSL VOR: 215°/9NM FROM TOP VOR: 305°/18NM
ALTEDO,PEE1,44°40'06''N,011°29'26''E,FROM BOA VOR: 046°/12NM TO Castel Maggiore (PEE3): 221°/8NM
AMANTEA,CANW3,39°08'03''N,016°04'32''E,FROM CRN VOR: 278°/48NM FROM LMT VOR: 325°/16NM
ANCONA,PYE1,43°37'17''N,013°30'01''E,FROM ANC VOR: 029°/2NM
ANSA RENO,PEN3,44°37'16''N,011°18'47''E,FROM BOA VOR: 009°/5NM
ANZIO,RESE2,41°26'56''N,012°37'27''E,FROM LAT VOR: 246°/14NM FROM PNZ VORTAC: 333°/36NM TO Aprilia: 006°/9NM
AOSTA WEST,MWW1,45°43'07''N,007°15'54''E,FROM SCS VOR: 242°/3NM FROM SVC NDB: 265°/19NM
APPIANO NORD,LNE1,45°44'53''N,008°57'11''E,FROM SRN VOR: 333°/6.65NM
APRILIA,RESE1,41°35'35''N,012°39'05''E,FROM LAT VOR: 283°/12NM FROM OST VOR: 122°/22NM TO Anzio: 186°/9NM TO Borgo Montello: 131°/7NM TO Velletri Railway Station: 048°/8NM
ARGENTIERA,EANW1,40°44'04''N,008°09'00''E,FROM ALG VOR: 325°/8NM FROM AEA VOR: 311°/9NM
ARIANO IRPINO,BASW1,41°09'12''N,015°05'09''E,FROM FGG VOR: 228°/26NM TO Orsara di Puglia: 046°/11NM
ARISCHIA,APNE1,42°25'05''N,013°20'27''E,FROM PES VOR: 267°/37NM
AVERSA IPPODROMO,RNN5,40°57'29''N,014°12'14''E,FROM SOR VOR: 343°/23NM FROM TEA VOR: 150°/23NM
AZZATE - SVINCOLO A8,LNNW1,45°46'36''N,008°48'55''E,FROM SRN VOR: 309°/11NM
BACINO DI CUGA,EAE1,40°36'54''N,008°28'38''E,FROM ALG VOR: 093°/11NM FROM AEA VOR: 0098°/9NM
BAGNAIA,RVE1,42°26'00''N,012°09'00''E,FROM TAQ VOR: 053°/23NM
BALESTRATE,CJSW2,38°03'09''N,013°00'30''E,FROM PAL VOR: 276°/8NM FROM PRS VOR: 204°/8NM FROM TRP VOR: 066°/25NM
BARBERINO VAL D'ELSA,RQS1,43°31'39''N,011°10'27''E,FROM PRT VOR: 182°/17NM
BARILLA,MPE1,44°49'39''N,010°22'12''E,FROM BOA VOR 292°/43NM FROM VIL VOR 211°/42NM
BASSANO DEL GRAPPA,PHNW1,45°45'25''N,011°42'54''E,FROM TRE L: 297°/18NM
BELLAGIO,MMN6,45°59'20''N,009°15'50''E,FROM BRL VOR: 314°/26NM FROM SRN VOR: 025°/23NM FROM TZO VOR: 337°/28NM
BEVAGNA,RZSE1,42°55'56''N,012°36'27''E,FROM PRU VOR: 156°/11NM
BIANDRATE,MNSW1,45°27'56''N,008°27'02''E,FROM MMP VOR: 232°/18NM
BIELLA NORD,LEN1,45°34'50''N,008°03'16''E,FROM MMP VOR: 262°/29NM
BINAGO,LNNE1,45°46'48''N,008°55'24''E,FROM SRN VOR: 329°/8.9NM
BISCEGLIE,BDNW3,41°14'23''N,016°30'24''E,FROM BAR VOR: 293°/13NM FROM FGG VAR: 102°/46NM TO Molfetta: 118°/5NM
BITRITTO,BDSE2,41°02'34''N,016°49'36''E,FROM BAR VOR: 156°/6.5NM
BORGO ISONZO,RLS1,41°26'25''N,012°55'35''E,FROM LAT VOR: 175°/6NM FROM PNZ VORTAC: 356°/32NM TO Priverno: 076°/12NM TO 2NM West Terracina: 126°/16NM
BORGO MONTELLO,RLSW1,41°30'30''N,012°46'25''E,FROM LAT VOR: 251°/7NM FROM OST VOR: 124°/30NM TO Aprilia: 311°/7NM TO Borgo Isonzo: 119°/8NM TO Tor San Lorenzo: 280°/11NM
BORGONUOVO,PES3,44°26'44''N,011°16'13''E,FROM BOA VOR: 188°/6NM
BOVOLENTA,PZSW2,45°16'09''N,011°56'28''E,FROM TES VOR: 229°/23NM
BRA,MZNE1,44°41'45''N,007°51'10''E,FROM LEV L: 047°/14NM FROM TOP VOR: 181°/14NM
BRACCAGNI,RSN3,42°51'56''N,011°04'58''E,FROM GRO VOR: 001°/6NM
BREGALLA,MMSW2,44°00'14''N,007°43'49''E,FROM ALB VOR: 261°/17NM
BRESCELLO,MPNE1,44°54'11''N,010°30'51''E,FROM BOA VOR: 302°/40NM TO Colorno: 286°/6NM
BRESCIA COSTALUNGA,PON1,45°33'58''N,010°12'53''E,FROM BSM VOR: 327°/8.8NM FROM VIL VOR: 285°/30.7NM
BRISIGHELLA,PRNW5,44°13'41''N,011°44'05''E,FROM BOA VOR: 123°/26NM FROM FOL VOR/DME: 278°/15NM FROM CHI VOR: 178°/36NM
BROSSASCO,MZW2,44°34'13''N,007°21'46''E,FROM TOP VOR: 224°/30.5NM
BRUERE,MAW2,45°04'54''N,007°32'30''E,FROM CSL VOR: 207°/10NM FROM TOP VOR: 303°/17
BUSCA,MZW1,44°31'00''N,007°28'00''E,FROM LEV L: 255°/7NM FROM TOP VOR: 214°/30NM
BUSSETO,MSE1,44°58'47''N,010°02'35''E,TO Castione Marchesi: 174°/4NM TO Soragna: 130°/5NM TO S.Nicolò: 286°/19NM
CA L'AGLIO ANTICA,RVS1,42°22'30''N,012°03'00''E,FROM TAQ VOR: 054°/17NM
CA' SAVIO,PZS1,45°27'29''N,012°26'37''E,FROM TES VOR: 137°/5NM FROM TRE L: 122°/18NM
CALANGIANUS,EOW1,40°55'15''N,009°11'40''E,FROM AJO VOR: 158°/54NM FROM ALG VOR: 067°/47NM FROM SME VOR: 277°/14NM
CALATAFIMI,CTE1,37°55'05''N,012°51'40''E,FROM PAL VOR: 244°/17NM FROM TRP NDB: 088°/17NM FROM TRP VOR: 084°/17NM
CALLIANO,DTS1,45°56'01''N,011°05'45''E,FROM VIC VOR: 305°/30NM
CALTAGIRONE,CBN1,37°14'28''N,014°30'48''E,FROM COM VOR: 344°/16NM
CAMPUS,MPSE2,44°46'10''N,010°19'40''E,FROM BOA VOR 287°/44N FROM VIL VOR 211°/46NM
CANCELLO,RNNE1,40°59'33''N,014°25'05''E,FROM SOR VOR: 007°/25NM FROM TEA VOR: 130°/27NM
CANDIA CANAVESE,MFNE1,45°19'10''N,007°53'55''E,FROM CSL VOR: 060°/12NM FROM TOP VOR: 003°/24NM
CANINO,RRNW2,42°27'55''N,011°45'04''E,FROM TAQ VOR: 002°/15NM TO Manciano: 303°/13NM TO Tuscania: 116°/6NM
CANNARA,RZSE2,42°59'56''N,012°34'57''E,FROM PRU VOR: 152°/7NM
CANNOBIO,MMN2,46°03'45''N,008°41'48''E,FROM MMP VOR: 356°/25NM FROM SRN VOR: 330°/28NM
CAORLE,PHE2,45°36'00''N,012°53'00''E,FROM RIV NDB: 185°/20NM FROM TES VOR: 075°/22NM
CAPO COLONNA,BCE1,39°01'32''N,017°12'16''E,FROM CRN VOR: 070°/6NM FROM LMT VOR: 077°/45NM
CAPO FERRO,EON2,41°09'20''N,009°31'25''E,FROM AJO VOR: 136°/50NM FROM SME VOR: 003°/16NM
CAPO SAN MARCO,CTSE1,37°29'56''N,013°01'22''E,FROM PAL VOR: 191°/33NM FROM TRP NDB: 133°/35NM FROM TRP VOR: 133°/34NM
CAPO SAN VITO,CJW1,38°11'23''N,012°44'00''E,FROM PAL VOR: 292°/23NM FROM PRS VOR: 272°/16NM FROM TRP VOR: 029°/20NM TO Nord Capo Gallo: 084°/28NM
CAPO SCARAMIA,CBS1,36°47'20''N,014°29'42''E,FROM COM VOR: 200°/13NM
CAPO SUVERO,CANW1,38°57'17''N,016°09'33''E,FROM CRN VOR: 265°/43NM FROM LMT VOR: 299°/6NM
CAPO TESTA,EONW1,41°14'10''N,009°08'45''E,FROM AJO VOR: 151°/36NM FROM ALG VOR: 047°/55NM FROM SME VOR: 321°/26NM
CAPOTERRA,EESW2,39°09'54''N,008°57'54''E,FROM CAG VOR: 220°/7NM FROM CAR VOR: 277°/26NM
CAPRANICA,RRN1,42°15'25''N,012°10'43''E,FROM CMP VOR: 310°/12NM FROM TAQ VOR: 081°/20NM TO Vetralla: 304°/7NM
CAPRI,RNS1,40°33'30''N,014°14'40''E,FROM SOR VOR: 243°/5NM FROM TEA VOR: 162°/46NM
CAPUA,RMN2,41°06'36''N,014°12'52''E,FROM SOR VOR: 348°/32NM FROM TEA VOR: 133°/16NM TO Caserta: 114°/6NM TO Teano: 319°/11NM
CARBONARA,EESE1,39°05'44''N,009°31'24''E,FROM CAG VOR: 113°/24NM
CARDETO,CRE1,38°05'05''N,015°46'00''E,FROM RCA VOR: 083°/6NM
CARIGNANO,MFS1,44°54'29''N,007°41'24''E,FROM CSL VOR: 174°/19NM FROM TOP VOR: 261°/7NM
CARINI,CJSE1,38°07'54''N,013°10'52''E,FROM PAL VOR: 360°/6NM FROM PRS VOR: 115°/5NM FROM TRP VOR: 064°/35NM
CARRU',MZE2,44°29'04''N,007°52'38''E,FROM TOP VOR/DME 177°/26NM
CASA DEL DIAVOLO,RZNW2,43°11'10''N,012°27'05''E,FROM PRU VOR: 330°/6NM
CASALMAGGIORE,MPNE3,44°58'58''N,010°25'03''E,FROM BOA VOR: 305°/46NM
CASCINA,RPE2,43°40'30''N,010°33'00''E,FROM PIS L: 064°/12NM FROM PIS VOR: 089°/7NM
CASELETTE,MANW1,45°06'20''N,007°29'00''E,FROM CSL VOR: 225°/10NM FROM TOP VOR: 303°/19NM
CASELLO A11,RQNW3,43°49'34''N,011°09'43''E,FROM PRT VOR: 299°/2NM
CASERTA,RNN3,41°04'07''N,014°19'36''E,FROM SOR VOR: 357°/39NM FROM TEA VOR: 128°/21NM TO Aversa: 218°/8NM TO Capua: 294°/6NM
CASOLE D'ELSA,RSN1,43°20'27''N,011°02'51''E,FROM GRO VOR: 356°/35NM
CASTEL D'ASSO,RVSW2,42°23'45''N,012°00'30''E,FROM TAQ VOR: 047°/16NM
CASTEL D'AZZANO,PXE3,45°21'23''N,010°57'26''E,FROM VIL VOR: 144°/4NM
CASTEL DE CEVERI,RUNW1,42°01'42''N,012°25'36''E,FROM ROM VOR/DME: 330°/15NM
CASTEL DI SALCE,RVSW1,42°22'00''N,011°58'15''E,FROM TAQ VOR: 048°/14NM
CASTEL GUELFO,PESE1,44°25'57''N,011°39'42''E,FROM BOA VOR: 110°/17NM FROM FOL VOR: 306°/23NM
CASTEL MAGGIORE,PEE3,44°34'25''N,011°21'50''E,FROM BOA VOR: 054°/4NM
CASTELFRANCO VENETO,PHW1,45°40'19''N,011°55'42''E,FROM TES VOR: 295°/20NM FROM TRE L: 291°/8NM
CASTELLAMMARE,CJSW1,38°01'27''N,012°53'05''E,FROM PAL VOR: 266°/14NM FROM PRS VOR: 225°/13NM FROM TRP VOR: 065°/19NM TO Palermo/Punta Raisi AD: 045°/14NM
CASTELLETTO,PBE1,46°30'46''N,011°28'35''E,FROM OZE VOR: 048°/10NM
CASTELLINA MARITTIMA,RPSE1,43°25'19''N,010°33'26''E,FROM PIS VOR/DME: 152°/17NM
CASTELVETRANO,CTSE2,37°40'45''N,012°48'03''E,FROM PAL VOR: 219°/28NM FROM TRP NDB: 132°/20NM FROM TRP VOR: 132°/19NM
CASTIGLIONE DELLA PESCAIA,RSW2,42°46'10''N,010°52'49''E,FROM ELB VOR: 082°/22NM
CASTIONE MARCHESI,MSE2,44°54'30''N,010°03'00''E,FROM BOA VOR: 290°/58NM TO Busseto: 353°/4NM TO Lago di Mignano: 231°/13.5NM
CASTROCARO TERME,PKW1,44°10'15''N,011°56'50''E,FROM FOL VOR/DME: 255°/5NM FROM RIM VOR: 286°/30NM
CAVARZERE,PZS5,45°07'50''N,012°04'50''E,FROM TES VOR: 206°/26NM
CECINA,RPS1,43°18'06''N,010°29'17''E,FROM PIS VOR/DME: 166°/23NM
CEGLIE MESSAPICO,BGNE1,40°38'27''N,017°31'21''E,FROM BCS VOR: 262°/22NM TO Taranto/Grottaglie AD: 215°/9NM
CENTO,PEN1,44°43'43''N,011°17'09''E,FROM BOA VOR: 358°/12NM TO Ansa Reno (PEN3): 167°/7NM
CEPRANO,RHSE1,41°32'00''N,013°32'00''E,FROM LAT VOR/DME: 088°/28NM FROM FRS VOR/DME: 119°/12NM TO Ceccano: 278°/11NM
CERIALE,MGNE1,44°05'47''N,008°13'57''E,FROM ALB VOR: 057°/5NM TO Albenga/Riviera Airport AD: 236°/6NM
CERTOSA,RQS3,43°43'46''N,011°14'17''E,FROM PRT VOR: 160°/5NM
CERVINIA,MMNW3,45°56'13''N,007°37'42''E,FROM SCS VOR: 046°/17NM FROM SVC NDB: 342°/12NM
CEVA,MMSW1,44°23'05''N,008°02'00''E,FROM LEV L: 117°/20NM FROM TOP VOR: 166°/33NM
CHATILLON,MMNW4,45°44'52''N,007°37'18''E,FROM SCS VOR: 089°/12NM FROM SVC NDB: 272°/4NM
CHIETI,BPSW1,42°21'00''N,014°10'30''E,FROM PES VOR: 183°/5NM
CHIOGGIA,PZS4,45°13'03''N,012°17'14''E,FROM TES VOR: 189°/18NM
CHIUSAFORTE,PPNE6,46°24'30''N,013°18'30''E,FROM RIV NDB: 026°/32NM FROM VIW VOR: 234°/30NM
CHIVASSO,MFE2,45°11'20''N,007°53'28''E,FROM CSL VOR: 099°/10NM FROM TOP VOR: 004°/16NM
CINIGIANO,RSNE3,42°52'46''N,011°25'36''E,FROM GRO VOR: 064°/17NM
CITTADUCALE,QNSE1,42°23'10''N,012°56'54''E,FROM CMP VOR: 058°/30NM FROM ROM VOR: 024°/38NM
CIVEZZANO,DTNE1,46°05'22''N,011°11'08''E,FROM VIC VOR: 321°/34NM
CIVITANOVA,PYSE2,43°18'50''N,013°43'50''E,FROM ANC VOR: 143°/20NM
CIVITELLA MARITTIMA,RSNE2,42°59'35''N,011°17'23''E,FROM GRO VOR: 032°/17NM
CLUSONE,MMNE3,45°53'25''N,009°56'43''E,FROM BRL VOR: 037°/17NM FROM SRN VOR: 068°/41NM FROM TZO VOR: 042°/27NM
COGOLETO,MJW1,44°23'22''N,008°38'33''E,FROM ALB VOR: 046°/30NM FROM GEN VOR: 263°/19NM FROM SES VOR: 257°/8NM
COLICO,MMN8,46°08'10''N,009°22'08''E,FROM BRL VOR: 332°/31NM FROM SRN VOR: 025°/33 FROM TZO VOR: 349°/35NM
COLLE ROIO,APS1,42°20'36''N,013°20'42''E,FROM PES VOR: 260°/38NM
COLLECCHIO,MPSW1,44°45'02''N,010°13'11''E,TO Ponte Taro: 354°/5NM TO Sant'Ilario d'Enza: 084°/10NM TO Traversetolo: 131°/9NM
COLLEFERRO,RHNW1,41°44'42''N,012°58'35''E,FROM LAT VOR/DME: 010°/13NM FROM FRS VOR/DME: 292°/16NM TO Sgurgola 117°/9NM
COLLESALVETTI,RPSE2,43°36'50''N,010°27'49''E,FROM PIS L: 077°/7NM FROM PIS VOR: 139°/5NM
COLLEVERDE,RUE1,41°58'36''N,012°37'06''E,FROM ROM VOR: 006°/10NM
COLOMBO,RFS3,41°42'47''N,012°18'56''E,FROM OST VOR: 146°/6NM
COLORNO,MPNE2,44°55'58''N,010°22'38''E,FROM BOA VOR: 300°/46NM TO Brescello: 106°/6NM TO Sissa: 290°/5NM
COMO,MMN3,45°48'30''N,009°04'58''E,FROM BRL VOR: 285°/26NM FROM LIN VOR: 338°/22NM FROM SRN VOR: 014°/10NM FROM TZO VOR: 309°/23NM
CONEGLIANO,PASW1,45°54'02''N,012°18'29''E,FROM AVI NDB: 252°/5NM TO Vittorio Veneto: 002°/6NM
CONERO EST,PYSE1,43°33'22''N,013°38'00''E,FROM ANC VOR: 102°/7NM
CONFINE ITALIA/AUSTRIA,PPNE1,46°32'05''N,013°38'20''E,FROM VIW VOR: 228°/15NM
CONTIGLIANO,QNW1,42°24'38''N,012°46'06''E,FROM CMP VOR: 045°/24NM FROM ROM VOR: 012°/37NM
CORATO,BDW2,41°09'14''N,016°24'48''E,FROM BAR VOR: 270°/16NM FROM FGG VOR: 110°/43NM TO Molfetta: 070°/9NM
CORCIANO,RZW2,43°08'02''N,012°17'27''E,FROM PRU VOR: 280°/10NM
COSSATO,LENE1,45°34'32''N,008°10'24''E,FROM MMP VOR: 260°/24NM
COTIGNOLA,PRNW1,44°23'24''N,011°56'32''E,FROM FOL VOR/DME: 335°/13NM FROM RIM VOR: 306°/37NM
CTR,MFNW2,45°19'15''N,007°28'23''E,FROM CSL VOR: 308°/10NM FROM TOP VOR: 325°/29NM
CUORGNE',MFN1,45°23'17''N,007°40'02''E,FROM SCS VOR: 147°/26NM FROM CSL VOR: 004°/10NM FROM TOP VOR: 343°/29NM
DOGNA,PPNE5,46°26'55''N,013°18'50''E,FROM RIV NDB: 025°/34NM FROM VIW VOR: 237°/29NM
DRONERO,MZW3,44°28'03''N,007°21'29''E,FROM TOP VOR: 218°/38NM
DUINO,PQSE1,45°46'25''N,013°36'16''E,FROM RCH VOR: 120°/6NM FROM RON L: 105°/11NM
EAST,CGE1,36°51'04''N,012°11'24''E,FROM PAN VOR: 077°/11NM
EAST GATE,CTE2,37°53'38''N,012°43'25''E,FROM PAL VOR: 247°/23NM FROM TRP NDB: 095°/11NM FROM TRP VOR: 089°/10NM
EBOLI STADIO,RIE1,40°36'33''N,015°03'22''E,FROM SOR VOR: 085°/33NM
ECHO,PRNE1,44°07'40''N,012°47'12''E,FROM FOL VOR/DME: 097°/31NM FROM RIM VOR: 046°/10NM
EGNA TERMENO,PBS1,46°18'39''N,011°15'10''E,FROM OZE VOR: 195°/6NM
ERBA,MMN4,45°48'30''N,009°12'58''E,FROM BRL VOR: 290°/21NM FROM SRN VOR: 039°/13NM FROM TZO VOR: 320°/19NM
FAENZA NORD,PRNW4,44°19'22''N,011°54'15''E,FROM BOA VOR: 114°/29NM FROM FOL VOR/DME: 318°/10NM
FAVAZZINA,CRNE1,38°15'30''N,015°45'15''E,FROM RCA VOR: 023°/12NM
FIANO,MFW1,45°12'55''N,007°31'23''E,FROM CSL VOR: 266°/5NM FROM TOP VOR: 320°/23NM
FIESOLE,RQE2,43°48'27''N,011°18'27''E,FROM PRT VOR: 090°/5NM
FIUMICINO,RFS1,41°44'38''N,012°13'18''E,FROM OST VOR: 190°/4NM
FLUMINI,EESE3,39°12'53''N,009°17'16''E,FROM CAG VOR: 101°/11NM FROM CAR VOR: 301°/12NM
FOCE ANGITOLA,CAS2,38°48'00''N,016°13'00''E,FROM CRN VOR: 252°/42NM FROM LMT VOR: 198°/7NM
FOCE DEL SIMETO,CCS3,37°23'38''N,015°05'07''E,FROM CTF VOR: 163°/4NM FROM SIG NDB: 089°/5NM TO 5NM NE Augusta: 121°/9NM TO Catania/Fontanarossa AD: 345°/4NM TO Lentini: 209°/8NM
FOCE FIUME NETO,BCN1,39°12'16''N,017°08'48''E,FROM CRN VOR: 011°/13NM FROM LMT VOR: 064°/45NM
FOCE NATISSA,PQSW3,45°44'27''N,013°19'21''E,FROM RCH VOR: 228°/8.5NM FROM RON L: 194°/5.5NM
FOCE SAVUTO,CANW2,39°01'56''N,016°06'00''E,FROM CRN VOR: 271°/46NM FROM LMT VOR: 312°/11NM
FOCENE,RFW1,41°49'10''N,012°12'24''E,FROM OST VOR: 303°/2NM
FOCI DEL FORTORE,BAN1,41°54'27''N,015°19'12''E,FROM FGG VOR: 339°/30NM TO San Severo: 167°/14NM
FOCI DELL'OMBRONE,RSSW1,42°39'48''N,011°01'27''E,FROM ELB VOR: 097°/28NM
FOLLONICA,RSNW2,42°55'22''N,010°45'46''E,FROM ELB VOR: 053°/20NM
FONTANELLATO,MPNW1,44°53'00''N,010°10'45''E,FROM BOA VOR: 292°/52NM TO Ponte Taro: 157°/4NM
FORIO,RNSW2,40°44'10''N,013°51'38''E,FROM SOR VOR: 291°/24NM FROM TEA VOR: 186°/34NM
FORLI' NORD,PKN1,44°15'15''N,012°05'50''E,FROM FOL VOR/DME: 019°/4NM FROM RIM VOR: 301°/27NM
FORNOVO DI TARO,MSSE1,44°41'35''N,010°05'56''E,TO Lago di Mignano: 288°/14NM TO Collecchio: 055°/6NM
FOSSOMBRONE,PRSE1,43°41'20''N,012°48'30''E,FROM ANC VOR: 280°/30NM FROM RIM VOR: 155°/21NM
FRANCAVILLA AL MARE,BPSE1,42°25'20''N,014°17'45''E,FROM PES VOR: 097°/5NM
FRASCATI,RAE1,41°48'20''N,012°40'40''E,FROM ROM VOR: 087°/4NM
GALCIANA,RQNW2,43°53'17''N,011°03'25''E,FROM PRT VOR: 306°/8NM
GALLICO,CRN1,38°10'00''N,015°38'05''E,FROM RCA VOR: 360°/5NM
GALLIPOLI,BNSW1,39°59'58''N,017°59'39''E,FROM LCC VORTAC: 203°/16NM
GAVORRANO,RSNW3,42°55'28''N,010°53'46''E,FROM ELB VOR: 061°/25NM
GAZOLDO,PXSW1,45°11'55''N,010°34'41''E,FROM VIL VOR: 225°/18.8NM FROM BSA VOR: 139°/18.1NM
GELA,CBW1,37°04'14''N,014°14'46''E,FROM COM VOR: 285°/17NM FROM CTF VOR: 237°/46NM FROM SIG NDB: 239°/40NM
GEREMEAS,EESE2,39°10'16''N,009°22'20''E,FROM CAG VOR: 107°/16NM FROM CAR VOR: 299°/7NM
GHISALBA,MES2,45°35'39''N,009°45'12''E,FROM BRL VOR: 145°/6NM FROM TZO VOR: 078°/11NM
GIFFONI,RIN1,40°42'53''N,014°56'28''E,FROM SOR VOR: 072°/29NM
GIOVINAZZO,BDNW1,41°10'58''N,016°40'18''E,FROM BAR VOR: 294°/5NM
GIRIFALCO,CASE1,38°49'31''N,016°25'30''E,FROM CRN VOR: 249°/32NM FROM LMT VOR: 120°/9NM
GIULIANOVA,BPN3,42°45'00''N,013°58'00''E,FROM PES VOR: 331°/21NM
GOLF,PRE1,44°00'07''N,013°01'54''E,FROM RIM VOR: 091°/18NM FROM FOL VOR/DME: 323°/31NM
GRADO,PQSW2,45°40'26''N,013°23'18''E,FROM RCH VOR: 200°/10NM FROM RON L: 171°/9NM
GRAN SAN BERNARDO,MMNW2,45°49'14''N,007°13'54''E,FROM SCS VOR: 315°/6NM FROM SVC NDB: 282°/21NM
GRISIGNANO DI ZOCCO,PHSW1,45°28'54''N,011°41'34''E,FROM TRE L: 243°/19NM
GROTTE SANTO STEFANO,RVN1,42°31'00''N,012°10'30''E,FROM TAQ VOR: 046°/27NM
GRUMO APPULA,BDS1,41°00'30''N,016°42'37''E,FROM BAR VOR: 198°/9NM TO Bari AD: 015°/8NM
HIGHWAY A1/A22,PEW1,44°40'10''N,010°50'45''E,FROM BOA VOR: 291°/21NM TO Spilamberto (PESW1): 134°/11NM
IDROSCALO,MLE2,45°27'03''N,009°17'41''E,FROM LIN VOR: 126°/1NM TO Spino d'Adda: 109°/9NM
IMOLA,PRNW3,44°21'37''N,011°42'31''E,FROM BOA VOR: 118°/21NM FROM FOL VOR/DME: 303°/18NM
ISOLA DELLA SCALA,PXSE1,45°16'13''N,010°59'59''E,FROM VIL VOR: 153°/9NM
ISOLE CICLOPI ACI TREZZA,CCNE2,37°33'40''N,015°10'00''E,FROM CTF VOR: 041°/8NM FROM SIG NDB: 043°/14NM TO Catania/Fontanarossa AD: 221°/7NM TO Misterbianco: 251°/8NM
ISTIA,RSE1,42°46'54''N,011°11'26''E,FROM ELB VOR: 083°/35NM
IVREA,LEW1,45°27'32''N,007°52'12''E,FROM CSL VOR: 033°/17NM FROM SCS VOR: 127°/28NM FROM SVC NDB: 159°/18NM
LA GIUSTINIANA,RUW1,41°59'00''N,012°24'31''E,FROM CMP VOR: 172°/9NM
LA SALLE,MMNW1,45°44'44''N,007°04'16''E,FROM SCS VOR: 270°/11NM FROM SVC NDB: 270°/27NM
LA STORTA,RUW2,42°00'00''N,012°23'00''E,FROM CMP VOR: 179°/7NM
LAGHI ALIMINI,BNE2,40°11'25''N,018°26'48''E,FROM LCC VORTAC: 103°/15NM
LAGO DI COMABBIO,MCN1,45°46'00''N,008°41'28''E,FROM MMP VOR: 345°/8NM FROM SRN VOR: 296°/16NM
LAGO DI LAVELLO,BAS1,41°07'29''N,015°44'07''E,FROM FGG VOR: 151°/20NM TO Stornara: 006°/10NM
LAGO DI MIGNANO,MSS1,44°46'10''N,009°48'02''E,TO Castione Marchesi: 051°/13.5NM
LAGO DI OGLIASTRO,CZW1,37°26'40''N,014°33'41''E,FROM CTF VOR: 265°/24NM FROM SIG NDB: 277°/20NM
LAMBRATE,MLNW1,45°29'05''N,009°14'10''E,FROM LIN VOR: 310°/2NM
LANZO TORINESE,MFNW1,45°16'20''N,007°28'38''E,FROM CSL VOR: 293°/8NM FROM TOP VOR: 321°/26NM
LARIANO,RRE5,41°43'20''N,012°50'10''E,FROM LAT VOR: 341°/11NM FROM ROM VOR: 114°/12NM
LATIANO,BRSW1,40°33'07''N,017°43'29''E,FROM BCS VOR: 231°/12NM
LAVENO,MMN1,45°54'40''N,008°37'00''E,FROM MMP VOR: 342°/17NM FROM SRN VOR: 312°/23NM
LAVIS,DTN1,46°09'21''N,011°05'33''E,FROM VIC VOR: 320°/40NM
LE CAVE,RUN2,42°04'22''N,012°30'42''E,FROM ROM VOR/DME: 346°/16NM
LECCO,MMN5,45°51'05''N,009°23'38''E,FROM BRL VOR: 309°/16NM FROM SRN VOR: 051°/20NM FROM TZO VOR: 344°/18NM
LENTINI,CZS2,37°16'46''N,015°00'00''E,FROM CTF VOR: 193°/11NM FROM SIG NDB: 167°/7NM TO Foce Simeto: 029°/8NM TO Vizzini: 239°/14NM
LEUCA,BNS1,39°47'47''N,018°21'58''E,FROM LCC VORTAC: 159°/29NM
LIDO BRENTA,DTE1,46°00'26''N,011°15'59''E,FROM VIC VOR: 321°/28NM
LIDO DI JESOLO,PZE1,45°30'26''N,012°37'56''E,FROM TES VOR: 092°/11NM
LIGNANO,PQSW1,45°40'07''N,013°06'16''E,FROM RCH VOR: 236°/19NM FROM RON L: 226°/14NM
LISANZA,LGNW2,45°44'12''N,008°36'12''E,FROM MMP VOR: 315°/8NM
LIZZANO,BGS1,40°23'07''N,017°26'51''E,FROM BCS VOR: 230°/29NM TO Taranto Grottaglie AD: 342°/8NM
LOVERE,MMNE4,45°48'56''N,010°04'23''E,FROM BRL VOR: 059°/19NM FROM LIN VOR: 056°/40NM FROM TZO VOR: 056°/28NM
LUNGHEZZA,RGSW1,41°55'30''N,012°40'00''E,FROM RMC VOR: 023°/8NM
MACERATA,PYS2,43°17'50''N,013°27'00''E,FROM ANC VOR: 181°/17NM
MAGIONE,RZW1,43°09'22''N,012°11'43''E,FROM PRU VOR: 282°/14NM
MALBORGHETTO,PPNE3,46°30'25''N,013°26'15''E,FROM VIW VOR: 238°/23NM
MALNATE,LNN1,45°47'49''N,008°52'57''E,FROM SRN VOR: 325°/10NM
MANCIANO,RRNW3,42°35'11''N,011°30'53''E,FROM TAQ VOR: 335°/24NM TO Canino: 123°/13NNM
MANDURIA,BGSE1,40°23'37''N,017°38'27''E,FROM BCS VOR: 217°/22NM TO Taranto/Grottaglie AD: 302°/13NM
MANTOVA SUD,PXS1,45°08'25''N,010°45'07''E,FROM VIL VOR: 201°/17NM
MARANO,PZW2,45°27'51''N,012°07'05''E,FROM TES VOR: 251°/11NM
MARANO TICINO,MCW3,45°37'53''N,008°37'56''E,FROM MMP VOR: 262°/4NM TO Milano/Malpensa AD: 090°/4NM TO Romagnano: 270°/10NM
MARCIANISE,RNN4,41°01'57''N,014°17'59''E,FROM SOR VOR: 355°/27NM FROM TEA VOR 135°/22NM
MARINA DI PISA,RPW1,43°40'42''N,010°16'14''E,FROM PIS L: 346°/5NM FROM PIS VOR: 269°/5NM
MARINA DI RAVENNA,PRNW2,44°29'05''N,012°16'56''E,FROM FOL VOR/DME: 026°/20NM FROM RIM VORTAC: 331°/32NM FROM CHI VOR/DME: 178°/36NM
MARTELLAGO,PHS1,45°32'50''N,012°09'37''E,FROM TES VOR: 279°/9NM FROM TRE L: 147°/5NM
MASSA MARITTIMA,RSNW1,43°02'59''N,010°53'39''E,FROM GRO VOR: 334°/19NM
MAZARA DEL VALLO,CTSE3,37°39'10''N,012°35'52''E,FROM TRP NDB: 161°/16NM FROM TRP VOR: 163°/15NM
MAZZARRONE,CBN2,37°05'02''N,014°33'33''E,FROM COM VOR: 342°/6NM
MEDEA,PQN1,45°55'02''N,013°25'25''E,FROM RCH VOR: 333°/6NM FROM RON L: 024°/6NM
MELDOLA,PKS1,44°07'35''N,012°03'40''E,FROM FOL VOR/DME: 184°/4NM FROM VOR RIM: 284°/25NM
MELITO,CRSE1,37°55'05''N,015°47'30''E,FROM RCA VOR: 142°/12NM
MENAGGIO,MMN7,46°01'20''N,009°14'23''E,FROM BRL VOR: 316°/28NM FROM SRN VOR: 021°/24NM FROM TZO VOR: 337°/30NM
MENTANA,RUNE2,42°02'10''N,012°38'07''E,FROM ROM VOR: 009°/14NM
MERCATINO CONCA,PRSW1,43°52'10''N,012°29'35''E,FROM RIM VOR: 210°/10NM
MESAGNE,BRSW2,40°33'32''N,017°48'48''E,FROM BCS VOR: 218°/9NM
MESTRE NORD,PZN1,45°31'00''N,012°14'08''E,FROM TES VOR: 267°/6NM FROM TRE L: 135°/9NM
MINERBIO,PEE2,44°37'15''N,011°29'20''E,FROM BOA VOR: 058°/10NM TO Castel Maggiore (PEE3): 240°/6NM
MISTERBIANCO,CCN2,37°31'02''N,015°00'18''E,FROM CTF VOR: 317°/4NM FROM SIG NDB: 010°/7NM TO Catania/Fontanarossa AD: 135°/4NM TO Isole Ciclopi Aci Trezza: 071°/8NM TO Paternò: 296°/6NM
MOLA DI BARI,BDSE1,41°03'29''N,017°05'46''E,FROM BAR VOR: 107°/15NM TO Bari AD: 285°/16NM
MOLFETTA,BDNW2,41°11'51''N,016°36'02''E,FROM BAR VOR: 289°/9NM TO Bisceglie: 298°/5NM TO Corato: 250°/9NM TO Bari AD: 113°/8NM
MONDOVI',MZSE1,44°23'22''N,007°49'40''E,FROM LEV L: 135°/13NM FROM TOP VOR: 182°/32NM
MONIGA DEL GARDA,POE1,45°31'48''N,010°32'21''E,FROM BSM VOR: 056°/10.7NM
MONTE PORZIO,RAE2,41°48'54''N,012°43'09''E,FROM ROM VOR: 084°/6NM TO Roccapriora: 124°/2NM
MONTECARLO,RPNE1,43°51'08''N,010°40'54''E,FROM PIS VOR/DME: 047°/16NM
MONTEROTONDO SCALO,RUN1,42°03'43''N,012°35'23''E,FROM ROM VOR/DME: 359°/15NM
MONTESILVANO,BPN1,42°31'00''N,014°09'30''E,FROM PES VOR: 344°/5NM
MONTICIANO,RSNE1,43°08'14''N,011°10'24''E,FROM GRO VOR: 009°/23NM
MORBEGNO,MMNE1,46°08'00''N,009°34'13''E,FROM BRL VOR: 347°/28NM FROM SRN VOR: 037°/37NM FROM TZO VOR: 003°/35NM
MORLUPO,RUN4,42°08'30''N,012°30'17''E,FROM CMP VOR: 079°/6NM
MORNAGO,LGE1,45°44'34''N,008°45'11''E,FROM MMP VOR: 006°/6NM
MOZZATE,LNS1,45°40'58''N,008°57'00''E,FROM SRN VOR: 304°/3.67NM
MUGGIA,PQSE2,45°36'11''N,013°46'00''E,FROM RCH VOR: 136°/18NM FROM RON L: 126°/22NM
NE CUNEO,MZSW1,44°24'03''N,007°35'06''E,FROM LEV L: 188°/9NM FROM TOP VOR: 200°/34NM
NERVI,MJE1,44°23'00''N,009°02'23''E,FROM GEN VOR: 215°/3NM FROM SES VOR: 101°/10NM\
NIBBIANO,MSW1,44°54'20''N,009°19'52''E,FROM VOG VOR: 101°/16NM
NICASTRO,CAN1,38°58'31''N,016°19'11''E,FROM CRN VOR: 266°/36NM FROM LMT VOR: 029°/5NM
NISIDA,RNSW1,40°47'43''N,014°09'36''E,FROM SOR VOR: 326°/15NM FROM TEA VOR: 162°/31NM
NOCERA INFERIORE,RNSE1,40°44'30''N,014°38'35''E,FROM SOR VOR: 054°/17NM FROM TEA VOR: 135°/45NM
NONE,MFSW4,44°56'00''N,007°32'30''E,FROM CSL VOR: 194°/18NM FROM TOP VOR: 271°/14NM
NORD,CJN1,38°15'50''N,013°05'00''E,FROM PRS VOR: 360/5.5NM
NORD CAPO GALLO,CJNE1,38°14'13''N,013°19'11''E,FROM PAL VOR: 027°/14NM FROM PRS VOR: 069°/12NM TO Capo San Vito: 262°/28NM TO Palermo/Punta Raisi AD: 250°/11NM
NORD EST,CJNE2,38°19'44''N,013°16'12''E,FROM PRS VOR: 042°/13NM
NORD EST ACIREALE,CCNE1,37°37'00''N,015°14'00''E,FROM CTF VOR: 042°/12NM FROM SIG NDB: 043°/18NM TO Isole Ciclopi Aci Trezza: 224°/5NM
NORD OVEST,CJNW2,38°12'45''N,012°53'48''E,FROM PRS VOR: 284°/9NM
NORD PISTOIA,RQNW1,43°56'36''N,010°54'27''E,FROM PRT VOR: 301°/15NM
NORTH,CGN1,36°55'41''N,011°58'12''E,FROM PAN VOR: 360°/7NM
NORTH GATE,CTN1,38°01'16''N,012°27'16''E,FROM PAL VOR: 267°/34NM FROM TRP NDB: 342°/7NM FROM TRP VOR: 338°/8NM
NORTH PEGLI,MJN1,44°25'35''N,008°48'50''E,FROM GEN VOR: 270°/12NM FROM SES VOR: 321°/1NM
NOVOLI,BNNW1,40°21'46''N,018°00'34''E,FROM LCC VORTAC: 325°/9NM
NUS,MWE1,45°44'32''N,007°28'30''E,FROM SCS VOR: 092°/6NM FROM SVC NDB: 268°/10NM
OLBIA NORD,EON1,40°59'28''N,009°30'02''E,FROM SME VOR: 357°/6NM
OLEGGIO,MNN1,45°35'45''N,008°37'11''E,FROM MMP VOR: 247°/7NM
ONEDA,LGNW1,45°44'12''N,008°40'04''E,FROM MMP VOR: 333°/6NM
ORBASSANO,MAS1,44°59'42''N,007°31'18''E,FROM CSL VOR: 201°/15NM FROM TOP VOR: 285°/15NM
ORSARA DI PUGLIA,BASW2,41°16'36''N,015°16'04''E,FROM FGG VOR: 230°/15NM TO Ariano Irpino: 226°/11 TO Troia: 019°/5NM
ORTONA,BPSE2,42°21'15''N,014°24'40''E,FROM PES VOR: 114°/11NM
ORVIETO SCALO,RRN5,42°43'20''N,012°07'45''E,FROM CMP VOR: 340°/37NM FROM TAQ VOR: 027°/35NM TO 2NM East Lago di Bolsena: 207°/7NM
OSIMO,PYS1,43°29'00''N,013°28'50''E,FROM ANC VOR: 174°/6NM
OSPITALETTO,POW1,45°33'28''N,010°04'19''E,FROM BSA VOR: 304°/13NM
OSTIA,RFS2,41°43'40''N,012°16'30''E,FROM OST VOR: 158°/5NM
OSTRA,PYW1,43°36'52''N,013°08'48''E,FROM ANC VOR: 275°/14NM
OSTUNI,BRNW1,40°43'31''N,017°34'56''E,FROM BCS VOR: 278°/17NM
PADOVA EST,PZW1,45°25'19''N,011°57'23''E,FROM TES VOR: 250°/18NM FROM TRE L: 204°/13NM
PALAGONIA,CZSW1,37°19'42''N,014°44'54''E,FROM CTF VOR: 242°/17NM FROM SIG NDB: 249°/11NM TO Vizzini: 178°/10NM
PALASPORT ALZANO,MEN1,45°43'55''N,009°44'01''E,FROM BRL VOR: 029°/4NM FROM TZO VOR: 042°/14NM
PALMANOVA,PQNW1,45°54'42''N,013°18'14''E,FROM RCH VOR: 302°/9NM FROM RON L: 333°/6NM
PALOMBARA SABINA,RGNE1,42°03'58''N,012°45'57''E,FROM RMC VOR: 024°/18NM
PARABIAGO,MCE2,45°33'20''N,008°57'30''E,FROM LIN VOR: 292°/15NM FROM MMP VOR: 118°/11NM FROM SRN VOR: 205°/6NM TO Samarate: 299°/8NM
PASSO,RFN1,41°55'01''N,012°08'20''E,FROM OST VOR: 325°/8NM
PASSO CORESE,RUNE3,42°09'10''N,012°38'55''E,FROM ROM VOR: 007°/21NM FROM CMP VOR: 082°/12NM TO Settebagni Service Area: 211°/10NM
PASSO DEI GIOVI,MJNE2,44°33'10''N,008°56'10''E,FROM GEN VOR: 320°/10NM FROM SES VOR: 030°/9NM FROM VOG VOR: 182°/25NM
PASSO DEL TURCHINO,MJNW1,44°29'05''N,008°44'08''E,FROM GEN VOR: 283°/15NM FROM SES VOR: 316°/6NM FROM VOG VOR: 198°/30NM
PATERNO',CCN1,37°33'39''N,014°54'10''E,FROM CTF VOR: 305°/10NM FROM SIG NDB: 340°/10NM TO Misterbianco: 116°/6NM
PENNE,BPW1,42°27'30''N,013°55'40''E,FROM PES VOR: 275°/11NM
PERGOLA,PYW2,43°33'50''N,012°50'00''E,FROM ANC VOR: 266°/28NM
PESCHIERA DEL GARDA,PXW1,45°27'00''N,010°41'30''E,FROM BSA VOR: 086°/16NM FROM VIL VOR: 284°/9NM
PETILIA POLICASTRO,CANE2,39°06'54''N,016°47'11''E,FROM CRN VOR: 299°/16NM FROM LMT VOR: 060°/27NM
PIADENA,POS1,45°08'00''N,010°22'00''E,FROM BSA VOR: 172°/18NM
PIAN DEL VOGLIO,PES1,44°10'00''N,011°12'59''E,FROM BOA VOR: 187°/22NM TO Sasso Marconi (PES2): 003°/14NM
PIEDILUCO,QNNW1,42°32'07''N,012°45'40''E,FROM CMP VOR: 033°/30NM FROM ROM VOR: 008°/44NM
PIEVE PORTO MORONE,MSNW1,45°05'00''N,009°27'00''E,FROM VOG VOR: 069°/22NM
PIOVE DI SACCO,PZSW1,45°17'12''N,012°01'45''E,FROM CHI VOR: 319°/17NM
PISA NORD,RPN2,43°46'44''N,010°20'07''E,FROM PIS VOR/DME: 336°/7NM
PIZZO,CAS3,38°44'09''N,016°09'52''E,FROM CRN VOR: 248°/46NM FROM LMT VOR: 203°/11NM
PIZZOLI,APN2,42°26'10''N,013°17'57''E,FROM PES VOR: 262°/39NM
POIRINO,MFSE1,44°55'10''N,007°50'55''E,FROM CSL VOR: 154°/20NM FROM TOP VOR: 236°/1NM
POLO INDUSTRIALE BUSTO ARSIZIO,MCE1,45°35'17''N,008°49'39''E,FROM MMP VOR: 128°/5NM
PONTASSIEVE,RQE1,43°46'30''N,011°26'25''E,FROM PRT VOR: 100°/11NM
PONTE BARIZZO,RIS1,40°29'54''N,015°00'53''E,FROM SOR VOR: 097°/31NM
PONTE DELL'OLIO,MSSW1,44°52'08''N,009°38'33''E,TO Lago di Mignano: 130°/9NM TO San Nicolò 354°/12NM
PONTE F. FELLA,PPNE7,46°22'45''N,013°07'20''E,FROM RCH VOR: 334°/36NM FROM VIW VOR: 238°/38NM
PONTE GALERIA,RFE1,41°49'15''N,012°21'23''E,FROM OST VOR: 077°/5NM
PONTE SAN NICOLO',PUSE1,45°22'09''N,011°55'24''E,FROM VIC VOR: 145°/19NM FROM CHI VOR: 318°/23NM
PONTE TARO,MPW1,44°49'34''N,010°12'43''E,FROM BOA VOR: 289°/49NM TO Collecchio: 174°/5NM TO Fontanellato: 337°/4NM
PONTEBBA,PPNE4,46°30'20''N,013°18'20''E,FROM VIW VOR: 244°/28 NM
PONTEDERA,RPE1,43°39'40''N,010°37'46''E,FROM PIS VOR: 094°/10NM FROM PRT VOR: 249°/26NM
PONTEVICO,POW2,45°16'30''N,010°05'30''E,FROM BSA VOR: 223°/14NM FROM VIL VOR: 256°/35NM
PONTIDA,MENW1,45°43'52''N,009°29'54''E,FROM BRL VOR: 291°/9NM FROM TZO VOR: 357°/10NM
PONTILE SIR,CAS1,38°51'26''N,016°13'15''E,FROM CRN VOR: 256°/41NM FROM LMT VOR: 214°/4NM
POPOLI,BPSW2,42°10'30''N,013°50'00''E,FROM PES VOR: 223°/22NM
PORTO CESAREO,BNW1,40°14'07''N,017°54'37''E,FROM LCC VORTAC: 266°/10NM
PORTO DI MALAMOCCO,PZS3,45°20'05''N,012°20'06''E,FROM CHI VOR: 006°/16NM FROM TES VOR: 186°/11NM
PORTO GIOIA TAURO,CRNE2,38°26'34''N,015°53'52''E,FROM RCA VOR: 026°/25NM
PORTOGRUARO,PHE1,45°46'51''N,012°50'08''E,FROM AVI NDB: 115°/19NM FROM RCH VOR: 262°/27NM FROM TES VOR: 050°/25NM
POSADA,EOSE2,40°38'15''N,009°43'30''E,FROM SME VOR: 145°/18NM
PREDAPPIO,PRNW6,44°05'57''N,011°58'52''E,FROM FOL VOR/DME: 213°/7NM FROM RIM VOR: 279°/28NM
PRISSIANO,PBW1,46°33'15''N,011°10'49''E,FROM OZE VOR: 331°/10NM
PRIVERNO,RLE1,41°28'47''N,013°10'54''E,FROM LAT VOR/DME: 105°/12NM FROM FRS VOR/DME: 206°/11NM TO Borgo Isonzo: 256°/12NM TO 2 NM West Terracina: 174°/12NM TO Prossedi: 062°/4NM
PROSSEDI,RLE2,41°30'38''N,013°15'56''E,FROM LAT VOR/DME: 095°/16NM FROM FRS VOR/DME: 188°/8NM TO Priverno: 242°/4NM
PUNTA ALA,RSW1,42°48'32''N,010°43'14''E,FROM ELB VOR: 070°/15NM
QUARTO,RNW2,40°52'59''N,014°07'45''E,FROM SOR VOR: 331°/20NM FROM TEA VOR: 162°/26NM
QUARTU,EEE1,39°14'40''N,009°11'43''E,FROM CAG VOR: 091°/7NM FROM CAR VOR: 298°/17NM
QUIESA,RPN1,43°50'53''N,010°23'36''E,FROM PIS VOR/DME: 357°/10NM
RACCONIGI,MZN1,44°44'24''N,007°40'51''E,FROM TOP VOR/DME 215°/14NM
RAGUSA,CBSE1,36°55'23''N,014°44'02''E,FROM COM VOR: 117°/8NM
RDL 260/22 LMT VOR/DME,CAW1,38°50'21''N,015°47'51''E,FROM CRN VOR: 259°/61NM FROM LMT VOR: 258°/22NM
RDL 290/22 LMT VOR/DME,CAW2,39°01'39''N,015°49'47''E,FROM CRN VOR: 270°/59NM FROM LMT VOR: 288°/22NM
RIACI CAPO,CRS1,37°57'05''N,015°41'20''E,FROM RCA VOR: 163°/18NM
RIANO RAILWAY STATION,RUN3,42°06'07''N,012°29'52''E,FROM CMP VOR: 104°/5NM
RIVOLI,MASW,45°03'37''N,007°31'21''E,FROM CSL VOR: 208°/11NM FROM TOP VOR: 298°/17NM
ROCCA LUMERA,CRSW2,37°58'10''N,015°23'20''E,FROM RCA VOR: 240°/14NM
ROCCABIANCA,MPN2,45°00'29''N,010°13'05''E,FROM BOA VOR: 301°/54NM
ROCCAPRIORA,RRE4,41°47'35''N,012°45'45''E,FROM ROM VOR: 093°/8NM
ROCCATEDERIGHI,RSN2,43°02'02''N,011°05'24''E,FROM GRO VOR: 001°/16NM
ROGOREDO,MLW2,45°26'29''N,009°14'12''E,FROM LIN VOR: 233°/2NM TO Rozzano: 229°/5NM
ROMAGNANO,MCW2,45°38'05''N,008°23'08''E,FROM MMP VOR: 268°/15NM TO Marano Ticino: 090°/10NM
ROMANO DI LOMBARDIA,MES1,45°31'22''N,009°43'25''E,FROM BRL VOR: 166°/9NM FROM TZO VOR: 102°/9NM
RONDISSONE,MFE3,45°14'22''N,007°58'20''E,FROM CSL VOR: 084°/14NM FROM TOP VOR: 013°/19NM
ROSETO DEGLI ABRUZZI,BPN2,42°40'20''N,014°01'10''E,FROM PES VOR: 331°/16NM
ROVATO,MEE1,45°34'00''N,010°00'00''E,FROM BRL VOR: 112°/15NM FROM TZO VOR: 087°/21NM
ROVINE DI FERENTO,RVN2,42°28'45''N,012°07'15''E,FROM TAQ VOR: 046°/23NM
ROZZANO,MLW1,45°23'15''N,009°08'48''E,FROM LIN VOR: 230°/7NM TO Rogoredo: 049°/5NM
RUBANO,PUNW1,45°25'37''N,011°47'11''E,FROM VIC VOR: 158°/13NM FROM CHI VOR: 314°/30NM
S.G. REATINO,QNS1,42°20'32''N,012°51'18''E,FROM CMP VOR: 056°/25NM FROM ROM VOR: 018°/34NM
SALUZZO,MZNW1,44°38'40''N,007°29'20''E,FROM LEV L: 317°/8NM FROM TOP VOR: 223°/23NM
SAMARATE,MCE3,45°37'30''N,008°47'12''E,FROM MMP VOR: 112°/2NM FROM SRN VOR: 262°/10NM TO Milano/Malpensa AD: 275°/3NM TO Parabiago: 119°/8NM
SAN BIAGIO DI CALLALTA,PHE3,45°41'11''N,012°23'02''E,FROM TES VOR: 002°/10NM FROM TRE L: 071°/13NM
SAN DONA' DI PIAVE,PHE4,45°37'52''N,012°33'58''E,FROM TES VOR: 049°/11NM FROM TRE L: 086°/20NM
SAN FELICE SUL PANARO,PEN4,44°50'07''N,011°08'36''E,FROM BOA VOR: 339°/19NM
SAN MARTINO DEI CALVI,MMNE2,45°56'45''N,009°40'35''E,FROM BRL VOR: 356°/16NM FROM SRN VOR: 056°/33NM FROM TZO VOR: 016°/24NM
SAN MAURO MARCHESATO,BCNW1,39°06'00''N,016°55'00''E,FROM CRN VOR: 306°/10NM FROM LMT VOR: 066°/33NM
SAN NICOLO',MSNW2,45°04'30''N,009°37'00''E,FROM VOG VOR: 075°/28NM
SAN PIETRO IN CASALE,PEN2,44°42'00''N,011°24'20''E,FROM BOA VOR: 025°/11NM TO Ansa Reno (PEN3): 217°/6NM
SAN PIETRO VERNOTICO,BRSE2,40°29'15''N,017°59'57''E,FROM BCS VOR: 165°/11NM
SAN POLO DI PIAVE,PAS1,45°47'48''N,012°26'22''E,FROM AVI NDB: 175°/8NM FROM TES VOR: 008°/17NM
SAN QUIRICO,MJNE1,44°28'59''N,008°54'51''E,FROM GEN VOR: 295°/8NM FROM SES VOR: 044°/6NM FROM VOG VOR: 184°/29NM
SAN SEVERO,BAN2,41°41'03''N,015°22'43''E,FROM FGG VOR: 334°/17NM TO 2NM North Lucera: 209°/11NM TO Foci del Fortore: 347°/14NM
SAN VITO CHIETINO,BPSE3,42°17'45''N,014°28'10''E,FROM PES VOR: 121°/15NM
SAN VITO DEI NORMANNI,BRW1,40°39'27''N,017°42'47''E,FROM BCS VOR: 262°/11NM
SAN VITTORINO,RGSE1,41°54'56''N,012°47'31''E,FROM RMC VOR: 050°/11NM
SANREMO,MMSW3,43°49'05''N,007°46'24''E,FROM ALB VOR: 227°/21NM
SANT'ILARIO D'ENZA,MPSE1,44°45'47''N,010°27'06''E,FROM BOA VOR: 289°/38NM TO Collecchio: 264°/10NM
SANTA SOFIA,PRW1,43°56'44''N,011°54'20''E,FROM FOL VOR/DME: 205°/16NM FROM RIM VOR: 261°/31NM
SARENTINO,PBN1,46°38'32''N,011°21'21''E,FROM OZE VOR: 009°/14NM
SARROCH,EESW1,39°03'09''N,009°00'23''E,FROM CAG VOR: 191°/12NM FROM CAR VOR: 262°/24NM
SASSO MARCONI,PES2,44°23'40''N,011°14'55''E,FROM BOA VOR: 190°/9NM TO Borgonuovo (PES3): 014°/3NM
SAVONA,MJW2,44°18'30''N,008°28'38''E,FROM ALB VOR: 043°/22NM FROM GEN VOR: 254°/27NM FROM SES VOR: 245°/16NM
SCANSANO,RSSE1,42°41'06''N,011°20'29''E,FROM GRO VOR: 110°/13NM
SCOPELLO,MMNW5,45°46'20''N,008°05'33''E,FROM MMP VOR: 285°/28NM FROM SCS VOR: 086°/32NM FROM SVC NDB: 083°/16NM
SCORRANO,BNSE1,40°06'11''N,018°16'28''E,FROM LCC VORTAC: 142°/11NM
SEGESTA,CTNE1,37°56'39''N,012°50'08''E,FROM PAL VOR: 250°/17NM FROM TRP NDB: 082°/16NM FROM TRP VOR: 078°/16NM
SELLIA MARINA,CAE1,38°54'23''N,016°44'37''E,FROM CRN VOR: 249°/17NM FROM LMT VOR: 087°/22NM
SENIGALLIA,PYN1,43°43'00''N,013°13'00''E,FROM ANC VOR: 303°/14NM
SENORBI',EEN1,39°31'35''N,009°07'48''E,FROM CAG VOR: 012°/17NM FROM CAR VOR: 325°/30NM
SERDIANA,EEN2,39°22'04''N,009°09'25''E,FROM CAG VOR: 034°/9NM FROM CAR VOR: 313°/22NM
SERRA SAN QUIRICO RAILWAY STATION,PYSW2,43°26'43''N,013°01'39''E,FROM ANC VOR: 245°/21NM
SESTO AL REGHENA,PASE1,45°51'35''N,012°48'41''E,FROM AVI NDB: 102°/17NM FROM RCH VOR: 272°/28NM FROM RIV NDB: 229°/7NM
SESTRI LEVANTE,MJE3,44°16'25''N,009°23'48''E,FROM GEN VOR: 123°/16NM FROM SES VOR: 108°/26NM
SESTU,EEN3,39°18'30''N,009°05'50''E,FROM CAG VOR: 032°/4NM FROM CAR VOR: 300°/22NM
SETTEBAGNI SERVICE AREA,RUNE1,42°00'15''N,012°31'43''E,FROM CMP TVOR: 137°/9NM TO Settecamini: 132°/6NM
SETTECAMINI,RUE2,41°56'25''N,012°37'20''E,FROM ROM VOR: 009°/8NM TO Settebagni Service Area: 312°/6NM
SGURGOLA,RHW1,41°40'26''N,013°08'56''E,FROM LAT VOR/DME: 050°/14NM FROM FRS VOR/DME: 284°/7NM TO Colleferro: 297°/9NM TO Supino: 130°/5NM
SINNAI,EENE3,39°18'10''N,009°11'41''E,FROM CAG VOR: 064°/7NM FROM CAR VOR: 308°/19NM
SISSA,MPN1,44°57'55''N,010°15'31''E,FROM BOA VOR: 299°/51NM TO Colorno: 110°/5NM TO Soragna: 248°/6NM
SOAVE,PXE1,45°25'30''N,011°14'30''E,FROM VIC VOR: 234°/22NM FROM VIL VOR: 084°/14NM
SOMMA VESUVIANA,RNE1,40°52'23''N,014°26'19''E,FROM SOR VOR: 013°/18NM FROM TEA VOR: 138°/33NM
SONA,PXW3,45°26'05''N,010°49'50''E,FROM VIL VOR: 295°/4NM
SORAGNA,MPNW2,44°55'45''N,010°07'17''E,FROM BOA VOR: 294°/55NM TO Sissa: 068°/6NM
SOUTH CASAPESENNA,RNNW1,40°58'55''N,014°07'16''E,FROM SOR VOR: 336°/26NM FROM TEA VOR: 158°/20NM
SOUTH FOSSANO,MZE1,44°32'00''N,007°42'00''E,FROM LEV L: 100°/4NM FROM TOP VOR: 196°/25NM
SOUTH GATE,CTS1,37°43'01''N,012°27'45''E,FROM PAL VOR: 239°/39NM FROM TRP NDB: 185°/12NM FROM TRP VOR: 191°/11NM
SOUTHEAST,CGSE1,36°45'41''N,012°09'10''E,FROM PAN VOR: 107°/10NM
SOUTHWEST,CGSW1,36°42'22''N,011°55'40''E,FROM PAN VOR: 194°/7NM
SOVERATO,CASE2,38°41'16''N,016°33'00''E,FROM CRN VOR: 231°/31NM FROM LMT VOR: 132°/19NM
SPARTÀ,CRNW1,38°17'40''N,015°32'30''E,FROM RCA VOR: 338°/14NM
SPILAMBERTO,PESW1,44°31'55''N,011°01'35''E,FROM BOA VOR: 267°/11NM TO Borgonuovo (PES3): 114°/12NM
SPILIMBERGO,PAE1,46°07'00''N,012°54'31''E,FROM RIV L: 351°/11NM FROM AVI L: 058°/23NM
SPINACETO,RRS1,41°45'59''N,012°26'20''E,FROM OST VOR: 102°/9NM
SPINO D'ADDA,MLE1,45°23'55''N,009°29'46''E,FROM BRL VOR: 203°/18NM FROM LIN VOR: 110°/10NM FROM TZO VOR: 182°/10NM TO Idroscalo: 289°/9NM
SPRESIANO,PASW2,45°46'49''N,012°15'24''E,FROM AVI NDB: 218°/11NM FROM TES VOR: 342°/16NM
SS1 AURELIA,RFNE1,41°53'03''N,012°22'52''E,FROM OST VOR: 051°/8NM
STADIO OLIMPICO,RUSW1,41°56'02''N,012°27'17''E,FROM ROM VOR/DME: 321°/10NM
STAZIONE DI ALBERESE,RSS2,42°38'55''N,011°08'44''E,FROM ELB VOR: 097°/34NM
STECCATO,BCSW1,38°56'10''N,016°55'20''E,FROM CRN VOR: 242°/8NM FROM LMT VOR: 083°/31NM
STORNARA,BASE3,41°17'01''N,015°46'00''E,FROM FGG VOR: 127°/14NM TO 2NM South Canosa: 112°/15NM TO Foggia AD: 309°/14NM TO Lago di Lavello: 186°/10NM
SUD DI LIVORNO,RPS2,43°30'20''N,010°19'12''E,FROM PIS L: 167°/5NM FROM PIS VOR: 196°/11NM
SUPINO,RHW2,41°37'00''N,013°14'00''E,FROM LAT VOR/DME: 070°/15NM FROM FRS VOR/DME: 231°/3NM TO Sgurgola: 310°/5NM TO Ceccano: 120°/5NM
TALAMONE,RSS1,42°33'42''N,011°08'12''E,FROM ELB VOR: 106°/34NM
TAORMINA,CRSW1,37°51'15''N,015°17'15''E,FROM RCA VOR: 230°/22NM
TARVISIO,PPNE2,46°30'15''N,013°35'10''E,FROM VIW VOR: 228°/18NM
TEANO,RMN1,41°15'00''N,014°04'00''E,FROM SOR VOR: 341°/42NM FROM TEA VOR: 121°/5NM TO Capua: 139°/11NM
TEOR,PQW1,45°51'19''N,013°03'23''E,FROM RCH VOR: 272°/18NM FROM RON L: 275°/13NM
TERLIZZI,BDW1,41°07'48''N,016°32'40''E,FROM BAR VOR: 263°/11NM
TIRIOLO,CANE1,38°56'44''N,016°30'31''E,FROM CRN VOR: 261°/27NM FROM LMT VOR: 076°/12NM
TODI,RZSW1,42°46'56''N,012°24'57''E,FROM PRU VOR: 191°/20NM
TOR BELLA MONACA,RAN2,41°53'00''N,012°37'20''E,FROM ROM VOR: 018°/5NM
TOR SAN LORENZO,RES1,41°32'45''N,012°32'35''E,FROM LAT VOR: 269°/17NM FROM OST VOR: 137°/21NM TO Borgo Montello: 100°/11NM TO Pratica di Mare AD: 325°/8NM
TORGIANO,RZSW2,43°01'33''N,012°26'14''E,FROM PRU VOR: 214°/6NM
TORNIMPARTE,APS2,42°17'59''N,013°16'40''E,FROM PES VOR: 257°/41NM
TORRE ANNUNZIATA,RNSE2,40°45'26''N,014°27'10''E,FROM SOR VOR: 025°/12NM FROM TEA VOR: 144°/39NM
TORRE DEL GRECO,RNSE3,40°47'15''N,014°22'00''E,FROM SOR VOR: 004°/12NM FROM TEA VOR: 147°/35NM
TORRE FARO,CRNW2,38°16'00''N,015°39'00''E,FROM RCA VOR: 359°/11NM
TORRE POGLINA,EAS1,40°29'46''N,008°22'09''E,FROM ALG VOR: 143°/10NM FROM AEA VOR: 157°/9NM
TORRENOVA,RAN1,41°51'45''N,012°36'20''E,FROM ROM VOR: 011°/4NM
TRANI,BASE1,41°16'35''N,016°25'08''E,FROM BAR VOR: 294°/18NM FROM FGG VOR: 100°/41NM TO 2NM South Canosa: 249°/17NM
TRAPPETO,CJSW3,38°04'12''N,013°02'20''E,FROM PAL VOR: 287°/7NM FROM PRS VOR: 196°/6NM FROM TRP VOR: 066°/27NM
TRAVERSETOLO,MPS1,44°38'38''N,010°22'53''E,FROM BOA VOR: 278°/39NM TO Collecchio: 311°/9NM
TRECATE,MNS1,45°26'04''N,008°42'15''E,FROM MMP VOR: 194°/13NM
TREMESTIERI,CRW1,38°08'00''N,015°31'20''E,FROM RCA VOR: 298°/7NM
TRENTO,DTN2,46°05'46''N,011°06'47''E,FROM VIC VOR: 318°/36NM
TREPUZZI,BRSE1,40°24'12''N,018°04'40''E,FROM BCS VOR: 156°/17NM
TREZZO SULL'ADDA,MEW1,45°36'18''N,009°31'42''E,FROM BRL VOR: 235°/8NM FROM TZO VOR: 017°/3NM
TRIGORIA,RAW1,41°45'59''N,012°28'40''E,FROM ROM VOR: 243°/5NM
TROIA,BASW3,41°21'19''N,015°18'28''E,FROM FGG VOR: 244°/11NM TO Foggia AD: 063°/11NM TO Orsara di Puglia: 199°/5NM
TROPEA,CASW1,38°40'45''N,015°53'47''E,FROM CRN VOR: 249°/59NM FROM LMT VOR: 230°/22NM
TUSCANIA,RRNW1,42°25'02''N,011°52'27''E,FROM CMP VOR: 306°/29NM FROM TAQ VOR: 026°/14NM TO Canino: 296°/6NM TO Vetralla: 123°/10NM
UMBERTIDE,RZNW1,43°18'27''N,012°19'57''E,FROM PRU VOR: 326°/15NM
VACCILEDDI,EOSE1,40°50'52''N,009°38'55''E,FROM SME VOR: 110°/7NM
VALECENTER,PZN2,45°32'42''N,012°18'17''E,FROM TES VOR: 298°/3NM FROM TRE L: 116°/10NM
VALFABBRICA,RZNE,43°09'33''N,012°36'02''E,FROM PRU VOR: 046°/5NM
VAPRIO D'AGOGNA,MCW1,45°36'14''N,008°33'14''E,FROM MMP VOR: 253°/8NM
VARALLO,MMNW6,45°48'55''N,008°15'03''E,FROM MMP VOR: 296°/23NM
VELLETRI RAILWAY STATION,REE1,41°41'00''N,012°47'00''E,FROM LAT VOR: 325°/10NM FROM ROM VOR: 130°/11NM TO Aprilia: 228°/8NM
VENEZIA/LIDO AD,PZS2,45°25'42''N,012°23'17''E,FROM CHI VOR: 010°/22NM FROM TES VOR: 170°/6NM
VERNOLE,BNE1,40°17'46''N,018°17'50''E,FROM LCC VORTAC: 069°/8NM
VETRALLA,RRN2,42°19'05''N,012°03'00''E,FROM CMP VOR: 307°/19NM FROM TAQ VOR: 065°/15NM TO Capranica: 121°/7NM TO Tuscania: 306°/10NM TO Viterbo: 021°/6NM
VIAREGGIO,RPNW1,43°51'58''N,010°15'00''E,FROM PIS VOR: 330°/13NM
VICKY,PPE1,45°37'45''N,013°33'32''E,FROM RON L: 143°/15NM FROM RCH VOR: 163°/12NM
VIGOLO VATTARO,DTE2,46°00'00''N,011°12'26''E,FROM VIC VOR: 316°/29NM
VILLA SAN GIOVANNI,CRN2,38°13'40''N,015°38'05''E,FROM RCA VOR: 354°/9NM
VITERBO,RRN3,42°25'00''N,012°06'20''E,FROM TAQ VOR: 052°/21NM TO Vetralla: 201°/6NM TO 2NM East Lago di Bolsena: 345°/12NM
VITTORIO VENETO,PAW1,45°59'33''N,012°19'02''E,FROM AVI NDB: 310°/6NM FROM TES VOR: 354°/28NM TO Conegliano: 182°/6NM
VIVERONE SUD,LES1,45°24'41''N,008°02'26''E,FROM MMP VOR: 244°/32NM
VIZZINI,CZS1,37°09'34''N,014°45'19''E,FROM CTF VOR: 217°/23NM FROM SIG NDB: 214°/18NM TO Lentini: 058°/14NM TO Palagonia: 358°/10NM
VOLPIANO,MFE1,45°12'00''N,007°46'38''E,FROM CSL VOR: 102°/6NM FROM TOP VOR: 347°/17NM
WEST,CGW1,36°48'12''N,011°46'48''E,FROM PAN VOR: 264°/9NM
WEST GATE,CTW1,37°56'11''N,012°16'50''E,FROM PAL VOR: 261°/43NM FROM TRP NDB: 276°/10NM FROM TRP VOR: 281°/11NM
WEST JESI,PYSW1,43°29'00''N,013°10'50''E,FROM ANC VOR: 242°/14NM
WEST LAGO PATRIA,RNW1,40°56'02''N,013°59'41''E,FROM SOR VOR: 322°/26NM FROM TEA VOR: 175°/22NM TO West Mondragone: 327°/12NM
WEST MONDRAGONE,RMNW1,41°06'06''N,013°51'50''E,FROM SOR VOR: 324°/38NM FROM TEA VOR: 200°/13NM TO West Lago Patria: 147°/12NM